{"hard_match": {"coverage_rate": 0.0, "precision": 0.0, "recall": 0.0, "accuracy": 0.0, "f1": 0.0}, "sequence_match": {"coverage_rate": 0.7158124999999999, "precision": 0.8754777556948479, "recall": 0.7158125, "accuracy": 0.7158124999999999, "f1": 0.7876349632074822}, "levenshtein": {"coverage_rate": 0.6419374999999999, "precision": 0.8715316079762411, "recall": 0.6419375, "accuracy": 0.6419374999999999, "f1": 0.739319776858017}, "jaro_winkler": {"coverage_rate": 0.885625, "precision": 0.9422795584519218, "recall": 0.885625, "accuracy": 0.885625, "f1": 0.9130742960242283}, "semantic_embeddinggemma": {"coverage_rate": 0.687875, "precision": 0.8723842739378568, "recall": 0.687875, "accuracy": 0.687875, "f1": 0.7692200167738329}}