{"hard_match": {"coverage_rate": 0.0, "precision": 0.0, "recall": 0.0, "accuracy": 0.0, "f1": 0.0}, "sequence_match": {"coverage_rate": 0.5325, "precision": 0.7998497934660158, "recall": 0.5325, "accuracy": 0.5325, "f1": 0.6393516434038722}, "levenshtein": {"coverage_rate": 0.43131249999999993, "precision": 0.7593529929577464, "recall": 0.43131249999999993, "accuracy": 0.43131249999999993, "f1": 0.5501434948979591}, "jaro_winkler": {"coverage_rate": 0.7244375000000002, "precision": 0.9385425101214575, "recall": 0.7244375000000001, "accuracy": 0.7244375000000002, "f1": 0.8177072310405644}, "semantic_embeddinggemma": {"coverage_rate": 0.6565624999999999, "precision": 0.9517984959681073, "recall": 0.6565624999999999, "accuracy": 0.6565624999999999, "f1": 0.7770832562784332}}