{"hard_match": {"coverage_rate": 0.0, "precision": 0.0, "recall": 0.0, "accuracy": 0.0, "f1": 0.0}, "sequence_match": {"coverage_rate": 0.7234374999999998, "precision": 0.8970086794792311, "recall": 0.7234375, "accuracy": 0.7234374999999998, "f1": 0.8009272073069471}, "levenshtein": {"coverage_rate": 0.6468124999999999, "precision": 0.8832465648203465, "recall": 0.6468124999999999, "accuracy": 0.6468124999999999, "f1": 0.7467619150701734}, "jaro_winkler": {"coverage_rate": 0.8874374999999999, "precision": 0.9526333445152634, "recall": 0.8874375, "accuracy": 0.8874374999999999, "f1": 0.918880440058243}, "semantic_embeddinggemma": {"coverage_rate": 0.726, "precision": 0.8797334141169342, "recall": 0.726, "accuracy": 0.726, "f1": 0.7955074647308588}}