{"hard_match": {"coverage_rate": 0.0625, "precision": 0.09090909090909091, "recall": 0.0625, "accuracy": 0.038461538461538464, "f1": 0.07407407407407407}, "sequence_match": {"coverage_rate": 0.5146875, "precision": 0.7004337841286044, "recall": 0.5146875, "accuracy": 0.5146875, "f1": 0.5933638361494398}, "levenshtein": {"coverage_rate": 0.404375, "precision": 0.6087120143004986, "recall": 0.404375, "accuracy": 0.404375, "f1": 0.4859363851440158}, "jaro_winkler": {"coverage_rate": 0.7220624999999999, "precision": 0.8972506989748369, "recall": 0.7220624999999999, "accuracy": 0.7220624999999999, "f1": 0.8001800803435378}, "semantic_embeddinggemma": {"coverage_rate": 0.6457499999999999, "precision": 0.923076923076923, "recall": 0.6457499999999999, "accuracy": 0.6457499999999999, "f1": 0.7599014452248739}}