{"hard_match": {"coverage_rate": 0.03125, "precision": 0.04, "recall": 0.03125, "accuracy": 0.017857142857142856, "f1": 0.03508771929824561}, "sequence_match": {"coverage_rate": 0.7934687500000002, "precision": 0.9356253224261184, "recall": 0.79346875, "accuracy": 0.7934687500000002, "f1": 0.8587033717744935}, "levenshtein": {"coverage_rate": 0.7201875, "precision": 0.873483929654336, "recall": 0.7201875, "accuracy": 0.7201875, "f1": 0.7894628665387777}, "jaro_winkler": {"coverage_rate": 0.89278125, "precision": 0.9582089552238806, "recall": 0.89278125, "accuracy": 0.89278125, "f1": 0.92433875272992}, "semantic_embeddinggemma": {"coverage_rate": 0.7595312499999999, "precision": 0.9143061355001317, "recall": 0.75953125, "accuracy": 0.7595312499999999, "f1": 0.8297629005001452}}