{"hard_match": {"coverage_rate": 0.03125, "precision": 0.04, "recall": 0.03125, "accuracy": 0.017857142857142856, "f1": 0.03508771929824561}, "sequence_match": {"coverage_rate": 0.8091874999999998, "precision": 0.9600326264274062, "recall": 0.8091875000000001, "accuracy": 0.8091874999999998, "f1": 0.8781794750050872}, "levenshtein": {"coverage_rate": 0.73634375, "precision": 0.881881806953853, "recall": 0.73634375, "accuracy": 0.73634375, "f1": 0.8025681636267646}, "jaro_winkler": {"coverage_rate": 0.89921875, "precision": 0.9628576208800401, "recall": 0.89921875, "accuracy": 0.89921875, "f1": 0.9299507150359537}, "semantic_embeddinggemma": {"coverage_rate": 0.7673124999999998, "precision": 0.9234298608499435, "recall": 0.7673125, "accuracy": 0.7673124999999998, "f1": 0.8381635091312509}}