{"hard_match": {"coverage_rate": 0.11428571428571428, "precision": 0.3076923076923077, "recall": 0.11428571428571428, "accuracy": 0.09090909090909091, "f1": 0.16666666666666666}, "sequence_match": {"coverage_rate": 0.5681142857142857, "precision": 0.8706922975872488, "recall": 0.5681142857142857, "accuracy": 0.5681142857142857, "f1": 0.6875875304735722}, "levenshtein": {"coverage_rate": 0.4598571428571428, "precision": 0.7984423057843039, "recall": 0.4598571428571428, "accuracy": 0.4598571428571428, "f1": 0.5835962145110408}, "jaro_winkler": {"coverage_rate": 0.7300857142857144, "precision": 0.9176212877509247, "recall": 0.7300857142857144, "accuracy": 0.7300857142857144, "f1": 0.8131812178783395}, "semantic_embeddinggemma": {"coverage_rate": 0.6884285714285713, "precision": 0.9550895830030125, "recall": 0.6884285714285714, "accuracy": 0.6884285714285713, "f1": 0.8001261871554759}, "semantic_nomic-embed-text": {"coverage_rate": 0.6521714285714286, "precision": 0.9433790709208133, "recall": 0.6521714285714286, "accuracy": 0.6521714285714286, "f1": 0.7712007568078925}, "synonym": {"coverage_rate": 0.028368794326241134, "precision": 0.3076923076923077, "recall": 0.11428571428571428, "accuracy": 0.7333333333333333, "f1": 0.16666666666666666}}