{"hard_match": {"coverage_rate": 0.02142857142857143, "precision": 0.14285714285714285, "recall": 0.021897810218978103, "accuracy": 0.01935483870967742, "f1": 0.0379746835443038}, "sequence_match": {"coverage_rate": 0.09459285714285715, "precision": 0.22653477308766895, "recall": 0.021897810218978103, "accuracy": 0.0694, "f1": 0.03993530480621394}, "levenshtein": {"coverage_rate": 0.07817857142857143, "precision": 0.27409776153494747, "recall": 0.021897810218978103, "accuracy": 0.08422580645161289, "f1": 0.04055561188279429}, "jaro_winkler": {"coverage_rate": 0.11780714285714287, "precision": 0.18189534954223002, "recall": 0.021897810218978103, "accuracy": 0.04843225806451613, "f1": 0.039089730476308364}, "semantic_embeddinggemma": {"coverage_rate": 0.053149999999999996, "precision": 0.268781077812122, "recall": 0.014598540145985401, "accuracy": 0.09392903225806452, "f1": 0.02769296806308458}, "semantic_nomic-embed-text": {"coverage_rate": 0.047907142857142856, "precision": 0.2981959147159684, "recall": 0.014598540145985401, "accuracy": 0.09866451612903226, "f1": 0.027834413076607264}, "synonym": {"coverage_rate": 0.010638297872340425, "precision": 0.14285714285714285, "recall": 0.021897810218978103, "accuracy": 0.49333333333333335, "f1": 0.0379746835443038}}