{"hard_match": {"coverage_rate": 0.3333333333333333, "precision": 0.5333333333333333, "recall": 0.3333333333333333, "accuracy": 0.25806451612903225, "f1": 0.4102564102564102}, "sequence_match": {"coverage_rate": 0.46679166666666666, "precision": 0.9180529378021798, "recall": 0.8002142857142857, "accuracy": 0.46679166666666666, "f1": 0.8550929282906539}, "levenshtein": {"coverage_rate": 0.439, "precision": 0.9133148404993066, "recall": 0.7525714285714286, "accuracy": 0.439, "f1": 0.8251879699248121}, "jaro_winkler": {"coverage_rate": 0.5105, "precision": 0.9245396921219439, "recall": 0.8751428571428572, "accuracy": 0.5105, "f1": 0.8991633641567592}, "semantic_embeddinggemma": {"coverage_rate": 0.29124999999999995, "precision": 0.49964260185847037, "recall": 0.87375, "accuracy": 0.29124999999999995, "f1": 0.6357435197817191}, "semantic_nomic-embed-text": {"coverage_rate": 0.28975, "precision": 0.4983517271033395, "recall": 0.86925, "accuracy": 0.28975, "f1": 0.6335064225198141}, "synonym": {"coverage_rate": 0.11428571428571428, "precision": 0.5333333333333333, "recall": 0.3333333333333333, "accuracy": 0.7012987012987013, "f1": 0.4102564102564102}}