{"hard_match": {"coverage_rate": 0.14285714285714285, "precision": 0.35714285714285715, "recall": 0.14285714285714285, "accuracy": 0.11363636363636363, "f1": 0.20408163265306123}, "sequence_match": {"coverage_rate": 0.5839714285714286, "precision": 0.8895417156286721, "recall": 0.5839714285714286, "accuracy": 0.5839714285714286, "f1": 0.7050727012435966}, "levenshtein": {"coverage_rate": 0.4702, "precision": 0.830909825305463, "recall": 0.4702, "accuracy": 0.4702, "f1": 0.6005546837937452}, "jaro_winkler": {"coverage_rate": 0.7381142857142857, "precision": 0.918705547652916, "recall": 0.7381142857142857, "accuracy": 0.7381142857142857, "f1": 0.8185678073510773}, "semantic_embeddinggemma": {"coverage_rate": 0.6961999999999998, "precision": 0.938925709001233, "recall": 0.6961999999999999, "accuracy": 0.6961999999999998, "f1": 0.7995471846699042}, "synonym": {"coverage_rate": 0.03546099290780142, "precision": 0.35714285714285715, "recall": 0.14285714285714285, "accuracy": 0.74, "f1": 0.20408163265306123}}