{"hard_match": {"coverage_rate": 0.14285714285714285, "precision": 0.4166666666666667, "recall": 0.14285714285714285, "accuracy": 0.11904761904761904, "f1": 0.21276595744680848}, "sequence_match": {"coverage_rate": 0.5758857142857142, "precision": 0.8967388886417227, "recall": 0.5758857142857142, "accuracy": 0.5758857142857142, "f1": 0.7013588043913217}, "levenshtein": {"coverage_rate": 0.46268571428571426, "precision": 0.808769914598212, "recall": 0.46268571428571426, "accuracy": 0.46268571428571426, "f1": 0.5886265743416389}, "jaro_winkler": {"coverage_rate": 0.7380000000000001, "precision": 0.9368879216539717, "recall": 0.7380000000000001, "accuracy": 0.7380000000000001, "f1": 0.8256352884769059}, "semantic_embeddinggemma": {"coverage_rate": 0.6915999999999999, "precision": 0.933765382093122, "recall": 0.6916, "accuracy": 0.6915999999999999, "f1": 0.7946424174777998}, "synonym": {"coverage_rate": 0.03546099290780142, "precision": 0.4166666666666667, "recall": 0.14285714285714285, "accuracy": 0.75, "f1": 0.21276595744680848}}