{"hard_match": {"coverage_rate": 0.14285714285714285, "precision": 0.38461538461538464, "recall": 0.14285714285714285, "accuracy": 0.11627906976744186, "f1": 0.20833333333333331}, "sequence_match": {"coverage_rate": 0.5886285714285714, "precision": 0.8955055202990524, "recall": 0.5886285714285714, "accuracy": 0.5886285714285714, "f1": 0.7103403096231424}, "levenshtein": {"coverage_rate": 0.47357142857142864, "precision": 0.8417978669375317, "recall": 0.47357142857142864, "accuracy": 0.47357142857142864, "f1": 0.6061437191442677}, "jaro_winkler": {"coverage_rate": 0.7388571428571429, "precision": 0.9377719756309835, "recall": 0.7388571428571429, "accuracy": 0.7388571428571429, "f1": 0.8265149578113015}, "semantic_embeddinggemma": {"coverage_rate": 0.7007142857142856, "precision": 0.9450138717632552, "recall": 0.7007142857142857, "accuracy": 0.7007142857142856, "f1": 0.8047315920724506}, "synonym": {"coverage_rate": 0.03546099290780142, "precision": 0.38461538461538464, "recall": 0.14285714285714285, "accuracy": 0.7449664429530202, "f1": 0.20833333333333331}}