{"hard_match": {"coverage_rate": 0.0625, "precision": 0.07142857142857142, "recall": 0.0625, "accuracy": 0.034482758620689655, "f1": 0.06666666666666667}, "sequence_match": {"coverage_rate": 0.7944375, "precision": 0.9083178505073604, "recall": 0.7944375, "accuracy": 0.7944375, "f1": 0.8475695139027807}, "levenshtein": {"coverage_rate": 0.7215, "precision": 0.8738834216502649, "recall": 0.7215, "accuracy": 0.7215, "f1": 0.7904142416980486}, "jaro_winkler": {"coverage_rate": 0.90425, "precision": 0.9623520021285087, "recall": 0.90425, "accuracy": 0.90425, "f1": 0.932396726171296}, "semantic_embeddinggemma": {"coverage_rate": 0.7929375, "precision": 0.93831817173286, "recall": 0.7929375, "accuracy": 0.7929375, "f1": 0.8595237288709732}}