{"hard_match": {"coverage_rate": 0.1875, "precision": 0.21428571428571427, "recall": 0.1875, "accuracy": 0.1111111111111111, "f1": 0.19999999999999998}, "sequence_match": {"coverage_rate": 0.8029375000000002, "precision": 0.9277821910883224, "recall": 0.8029375, "accuracy": 0.8029375000000002, "f1": 0.8608570375582135}, "levenshtein": {"coverage_rate": 0.7469999999999999, "precision": 0.8781778104335048, "recall": 0.747, "accuracy": 0.7469999999999999, "f1": 0.8072948328267479}, "jaro_winkler": {"coverage_rate": 0.9068749999999999, "precision": 0.9598465303962427, "recall": 0.906875, "accuracy": 0.9068749999999999, "f1": 0.9326091846900408}, "semantic_embeddinggemma": {"coverage_rate": 0.8014375, "precision": 0.9043656111150293, "recall": 0.8014375, "accuracy": 0.8014375, "f1": 0.8497962159117267}}