{"accuracy": 0.016666666666666666, "precision": 1.0, "recall": 0.016666666666666666, "f1": 0.03278688524590164}