{"hard_match": {"coverage_rate": 0.0, "precision": 0.0, "recall": 0.0, "accuracy": 0.0, "f1": 0.0}, "sequence_match": {"coverage_rate": 0.22513333333333332, "precision": 0.4738319068331696, "recall": 0.8442500000000001, "accuracy": 0.22513333333333332, "f1": 0.6069920014379437}, "levenshtein": {"coverage_rate": 0.16416666666666666, "precision": 0.35368043087971274, "recall": 0.7576923076923077, "accuracy": 0.16416666666666666, "f1": 0.48225214198286404}, "jaro_winkler": {"coverage_rate": 0.27005, "precision": 0.554840256138068, "recall": 0.9001666666666667, "accuracy": 0.27005, "f1": 0.6865241615998983}, "semantic_embeddinggemma": {"coverage_rate": 0.23168333333333332, "precision": 0.5167465893461209, "recall": 0.7722777777777777, "accuracy": 0.23168333333333332, "f1": 0.6191844279637424}, "semantic_nomic-embed-text": {"coverage_rate": 0.15863333333333335, "precision": 0.32244732027915174, "recall": 0.8652727272727273, "accuracy": 0.15863333333333335, "f1": 0.4698158842983366}}