{"hard_match": {"coverage_rate": 0.0, "precision": 0.0, "recall": 0.0, "accuracy": 0.0, "f1": 0.0}, "sequence_match": {"coverage_rate": 0.20478333333333334, "precision": 0.48590184679875037, "recall": 0.6826111111111112, "accuracy": 0.20478333333333334, "f1": 0.5676993092614411}, "levenshtein": {"coverage_rate": 0.17893333333333336, "precision": 0.47220267417311756, "recall": 0.5650526315789475, "accuracy": 0.17893333333333336, "f1": 0.514471918727238}, "jaro_winkler": {"coverage_rate": 0.3397666666666667, "precision": 0.8359714590338719, "recall": 0.7550370370370371, "accuracy": 0.3397666666666667, "f1": 0.7934456855952984}, "semantic_embeddinggemma": {"coverage_rate": 0.2572, "precision": 0.6067945894935514, "recall": 0.7348571428571429, "accuracy": 0.2572, "f1": 0.6647139903514817}, "semantic_nomic-embed-text": {"coverage_rate": 0.24185000000000004, "precision": 0.6745850959973967, "recall": 0.6046250000000001, "accuracy": 0.24185000000000004, "f1": 0.6376919865527017}}