{"hard_match": {"coverage_rate": 0.0, "precision": 0.0, "recall": 0.0, "accuracy": 0.0, "f1": 0.0}, "sequence_match": {"coverage_rate": 0.28025, "precision": 0.6513654851830332, "recall": 0.7643181818181819, "accuracy": 0.28025, "f1": 0.7033357732928998}, "levenshtein": {"coverage_rate": 0.22175000000000003, "precision": 0.5257854179016005, "recall": 0.7002631578947369, "accuracy": 0.22175000000000003, "f1": 0.600609412030245}, "jaro_winkler": {"coverage_rate": 0.2826833333333333, "precision": 0.5856496667932737, "recall": 0.8926842105263157, "accuracy": 0.2826833333333333, "f1": 0.70728300077146}, "semantic_embeddinggemma": {"coverage_rate": 0.24206666666666665, "precision": 0.569033066917411, "recall": 0.7262, "accuracy": 0.24206666666666665, "f1": 0.6380810122133379}, "semantic_nomic-embed-text": {"coverage_rate": 0.2605, "precision": 0.5656894679695983, "recall": 0.8226315789473685, "accuracy": 0.2605, "f1": 0.6703838730431054}}