{"hard_match": {"coverage_rate": 0.2962962962962963, "precision": 0.5333333333333333, "recall": 0.2962962962962963, "accuracy": 0.23529411764705882, "f1": 0.38095238095238093}, "sequence_match": {"coverage_rate": 0.6580740740740739, "precision": 0.8639922197909068, "recall": 0.6580740740740739, "accuracy": 0.6580740740740739, "f1": 0.7471039629980026}, "levenshtein": {"coverage_rate": 0.558037037037037, "precision": 0.8130699908261833, "recall": 0.558037037037037, "accuracy": 0.558037037037037, "f1": 0.6618347938766994}, "jaro_winkler": {"coverage_rate": 0.7698518518518517, "precision": 0.9224283305227655, "recall": 0.7698518518518518, "accuracy": 0.7698518518518517, "f1": 0.8392619211046957}, "semantic_embeddinggemma": {"coverage_rate": 0.7122222222222224, "precision": 0.9980796179996886, "recall": 0.7122222222222223, "accuracy": 0.7122222222222224, "f1": 0.8312620226079063}, "semantic_nomic-embed-text": {"coverage_rate": 0.6835555555555554, "precision": 0.9419690705864339, "recall": 0.6835555555555555, "accuracy": 0.6835555555555554, "f1": 0.7922220075977078}, "synonym": {"coverage_rate": 0.11267605633802817, "precision": 0.5333333333333333, "recall": 0.2962962962962963, "accuracy": 0.6666666666666666, "f1": 0.38095238095238093}}