{"hard_match": {"coverage_rate": 0.25, "precision": 0.2857142857142857, "recall": 0.25, "accuracy": 0.15384615384615385, "f1": 0.26666666666666666}, "sequence_match": {"coverage_rate": 0.6114375000000001, "precision": 0.7899709302325583, "recall": 0.6114375000000001, "accuracy": 0.6114375000000001, "f1": 0.6893320180383314}, "levenshtein": {"coverage_rate": 0.5309375000000001, "precision": 0.7712910840748138, "recall": 0.5309375000000001, "accuracy": 0.5309375000000001, "f1": 0.6289331457762642}, "jaro_winkler": {"coverage_rate": 0.7543749999999999, "precision": 0.843466107617051, "recall": 0.754375, "accuracy": 0.7543749999999999, "f1": 0.7964368195315078}, "semantic_embeddinggemma": {"coverage_rate": 0.710625, "precision": 0.9199029126213591, "recall": 0.710625, "accuracy": 0.710625, "f1": 0.8018335684062058}}