{"hard_match": {"coverage_rate": 0.0, "precision": 0.0, "recall": 0.0, "accuracy": 0.0, "f1": 0.0}, "sequence_match": {"coverage_rate": 0.768125, "precision": 0.9185351270553064, "recall": 0.768125, "accuracy": 0.768125, "f1": 0.8366235534377127}, "levenshtein": {"coverage_rate": 0.6886874999999999, "precision": 0.9053487798866157, "recall": 0.6886874999999999, "accuracy": 0.6886874999999999, "f1": 0.7822938482836957}, "jaro_winkler": {"coverage_rate": 0.8941874999999999, "precision": 0.9591070590601327, "recall": 0.8941875, "accuracy": 0.8941874999999999, "f1": 0.9255102370863925}, "semantic_embeddinggemma": {"coverage_rate": 0.723625, "precision": 0.9551229170103943, "recall": 0.723625, "accuracy": 0.723625, "f1": 0.8234122750871204}}