{"hard_match": {"coverage_rate": 0.0, "precision": 0.0, "recall": 0.0, "accuracy": 0.0, "f1": 0.0}, "sequence_match": {"coverage_rate": 0.7195625000000001, "precision": 0.8498560566915185, "recall": 0.7195625000000001, "accuracy": 0.7195625000000001, "f1": 0.7793007750363828}, "levenshtein": {"coverage_rate": 0.6368125, "precision": 0.8222903720442256, "recall": 0.6368125, "accuracy": 0.6368125, "f1": 0.7177626712690641}, "jaro_winkler": {"coverage_rate": 0.8749375, "precision": 0.9545206600300014, "recall": 0.8749375, "accuracy": 0.8749375, "f1": 0.9129981086545359}, "semantic_embeddinggemma": {"coverage_rate": 0.7095, "precision": 0.9287408983064713, "recall": 0.7095, "accuracy": 0.7095, "f1": 0.804450271055522}}