{"hard_match": {"coverage_rate": 0.0, "precision": 0.0, "recall": 0.0, "accuracy": 0.0, "f1": 0.0}, "sequence_match": {"coverage_rate": 0.8023437500000001, "precision": 0.9318404529452329, "recall": 0.8023437499999999, "accuracy": 0.8023437500000001, "f1": 0.8622571490940842}, "levenshtein": {"coverage_rate": 0.7265625000000002, "precision": 0.8641516446757108, "recall": 0.7265625000000001, "accuracy": 0.7265625000000002, "f1": 0.7894066717596131}, "jaro_winkler": {"coverage_rate": 0.8936249999999999, "precision": 0.934876422126324, "recall": 0.893625, "accuracy": 0.8936249999999999, "f1": 0.9137853901706398}, "semantic_embeddinggemma": {"coverage_rate": 0.78321875, "precision": 0.8829352497710139, "recall": 0.78321875, "accuracy": 0.78321875, "f1": 0.8300930679296525}, "semantic_nomic-embed-text": {"coverage_rate": 0.8369999999999999, "precision": 0.9257249507482804, "recall": 0.8370000000000001, "accuracy": 0.8369999999999999, "f1": 0.8791295357195609}}