{"hard_match": {"coverage_rate": 0.0, "precision": 0.0, "recall": 0.0, "accuracy": 0.0, "f1": 0.0}, "sequence_match": {"coverage_rate": 0.8085312499999997, "precision": 0.9268825678870817, "recall": 0.80853125, "accuracy": 0.8085312499999997, "f1": 0.8636712621424041}, "levenshtein": {"coverage_rate": 0.72784375, "precision": 0.8764581922179574, "recall": 0.72784375, "accuracy": 0.72784375, "f1": 0.7952675248403728}, "jaro_winkler": {"coverage_rate": 0.89278125, "precision": 0.9411629056168671, "recall": 0.89278125, "accuracy": 0.89278125, "f1": 0.9163338946355545}, "semantic_embeddinggemma": {"coverage_rate": 0.7635937500000002, "precision": 0.8818434443682559, "recall": 0.76359375, "accuracy": 0.7635937500000002, "f1": 0.8184695774506355}, "semantic_nomic-embed-text": {"coverage_rate": 0.8614687499999998, "precision": 0.9389305177111716, "recall": 0.86146875, "accuracy": 0.8614687499999998, "f1": 0.8985332464146023}}