{"hard_match": {"coverage_rate": 0.0, "precision": 0.0, "recall": 0.0, "accuracy": 0.0, "f1": 0.0}, "sequence_match": {"coverage_rate": 0.63021875, "precision": 0.769938533195892, "recall": 0.63021875, "accuracy": 0.63021875, "f1": 0.6931074184180228}, "levenshtein": {"coverage_rate": 0.5043125, "precision": 0.658317696010443, "recall": 0.5043125, "accuracy": 0.5043125, "f1": 0.5711151219166932}, "jaro_winkler": {"coverage_rate": 0.764625, "precision": 0.86088241503061, "recall": 0.764625, "accuracy": 0.764625, "f1": 0.8099036774684717}, "semantic_embeddinggemma": {"coverage_rate": 0.7047500000000002, "precision": 0.8467054627370003, "recall": 0.7047500000000001, "accuracy": 0.7047500000000002, "f1": 0.7692333930246441}, "semantic_nomic-embed-text": {"coverage_rate": 0.6206875, "precision": 0.7626910375547193, "recall": 0.6206875, "accuracy": 0.6206875, "f1": 0.6844009510354571}}