{"hard_match": {"coverage_rate": 0.0, "precision": 0.0, "recall": 0.0, "accuracy": 0.0, "f1": 0.0}, "sequence_match": {"coverage_rate": 0.7262999999999998, "precision": 0.920318472682731, "recall": 0.7263, "accuracy": 0.7262999999999998, "f1": 0.8118787901370271}, "levenshtein": {"coverage_rate": 0.6355166666666666, "precision": 0.9009734889655497, "recall": 0.6355166666666666, "accuracy": 0.6355166666666666, "f1": 0.7453138132561912}, "jaro_winkler": {"coverage_rate": 0.8789666666666669, "precision": 0.9648548272013758, "recall": 0.8789666666666667, "accuracy": 0.8789666666666669, "f1": 0.91991034284269}, "semantic_embeddinggemma": {"coverage_rate": 0.6665333333333333, "precision": 0.8755774493705528, "recall": 0.6665333333333334, "accuracy": 0.6665333333333333, "f1": 0.756886680861131}}