{"hard_match": {"coverage_rate": 0.0, "precision": 0.0, "recall": 0.0, "accuracy": 0.0, "f1": 0.0}, "sequence_match": {"coverage_rate": 0.7455499999999999, "precision": 0.9221587746603722, "recall": 0.7455499999999999, "accuracy": 0.7455499999999999, "f1": 0.8245030366144743}, "levenshtein": {"coverage_rate": 0.6479666666666667, "precision": 0.8776270344703041, "recall": 0.6479666666666667, "accuracy": 0.6479666666666667, "f1": 0.7455105034564089}, "jaro_winkler": {"coverage_rate": 0.8820166666666669, "precision": 0.961762835074966, "recall": 0.8820166666666667, "accuracy": 0.8820166666666669, "f1": 0.9201651814822864}, "semantic_embeddinggemma": {"coverage_rate": 0.6606499999999998, "precision": 0.9069049144321405, "recall": 0.66065, "accuracy": 0.6606499999999998, "f1": 0.7644347591314072}}