{"hard_match": {"coverage_rate": 0.0, "precision": 0.0, "recall": 0.0, "accuracy": 0.0, "f1": 0.0}, "sequence_match": {"coverage_rate": 0.7520833333333331, "precision": 0.9268768614563007, "recall": 0.7520833333333333, "accuracy": 0.7520833333333331, "f1": 0.8303813773749827}, "levenshtein": {"coverage_rate": 0.6451166666666669, "precision": 0.87582305690689, "recall": 0.6451166666666669, "accuracy": 0.6451166666666669, "f1": 0.7429723115312636}, "jaro_winkler": {"coverage_rate": 0.8828833333333337, "precision": 0.9654273737926007, "recall": 0.8828833333333334, "accuracy": 0.8828833333333337, "f1": 0.9223121789849396}, "semantic_embeddinggemma": {"coverage_rate": 0.6518999999999998, "precision": 0.902658543339795, "recall": 0.6519, "accuracy": 0.6518999999999998, "f1": 0.7570549297410288}}