{"hard_match": {"coverage_rate": 0.0, "precision": 0.0, "recall": 0.0, "accuracy": 0.0, "f1": 0.0}, "sequence_match": {"coverage_rate": 0.5578000000000001, "precision": 0.8453222873307739, "recall": 0.5578000000000001, "accuracy": 0.5578000000000001, "f1": 0.6721021768816772}, "levenshtein": {"coverage_rate": 0.43801666666666667, "precision": 0.7626966161704104, "recall": 0.43801666666666667, "accuracy": 0.43801666666666667, "f1": 0.5564589553028859}, "jaro_winkler": {"coverage_rate": 0.7262666666666671, "precision": 0.9226534544453621, "recall": 0.7262666666666667, "accuracy": 0.7262666666666671, "f1": 0.8127652034430985}, "semantic_embeddinggemma": {"coverage_rate": 0.6264833333333333, "precision": 0.887936125481303, "recall": 0.6264833333333333, "accuracy": 0.6264833333333333, "f1": 0.7346408294489558}}