{"hard_match": {"coverage_rate": 0.0, "precision": 0.0, "recall": 0.0, "accuracy": 0.0, "f1": 0.0}, "sequence_match": {"coverage_rate": 0.5451833333333335, "precision": 0.8195986069003532, "recall": 0.5451833333333334, "accuracy": 0.5451833333333335, "f1": 0.6548027744692776}, "levenshtein": {"coverage_rate": 0.4278999999999999, "precision": 0.7533229658754145, "recall": 0.4278999999999999, "accuracy": 0.4278999999999999, "f1": 0.5457850150402312}, "jaro_winkler": {"coverage_rate": 0.7163166666666669, "precision": 0.9088775164946711, "recall": 0.7163166666666667, "accuracy": 0.7163166666666669, "f1": 0.8011893221981957}, "semantic_embeddinggemma": {"coverage_rate": 0.6349666666666665, "precision": 0.8699762513701131, "recall": 0.6349666666666665, "accuracy": 0.6349666666666665, "f1": 0.7341220903345149}}