{"hard_match": {"coverage_rate": 0.03389830508474576, "precision": 0.16666666666666666, "recall": 0.034482758620689655, "accuracy": 0.029411764705882353, "f1": 0.05714285714285715}, "sequence_match": {"coverage_rate": 0.48191525423728804, "precision": 0.8793666012030865, "recall": 0.48191525423728804, "accuracy": 0.48191525423728804, "f1": 0.6226193017895951}, "levenshtein": {"coverage_rate": 0.3619406779661018, "precision": 0.815477440665992, "recall": 0.3619406779661018, "accuracy": 0.3619406779661018, "f1": 0.5013587833753002}, "jaro_winkler": {"coverage_rate": 0.6765593220338986, "precision": 0.9476970560303893, "recall": 0.6765593220338985, "accuracy": 0.6765593220338986, "f1": 0.7894976265822786}, "semantic_embeddinggemma": {"coverage_rate": 0.6833389830508475, "precision": 0.9695781828675869, "recall": 0.6833389830508475, "accuracy": 0.6833389830508475, "f1": 0.8016742558310631}, "synonym": {"coverage_rate": 0.01893939393939394, "precision": 0.16666666666666666, "recall": 0.034482758620689655, "accuracy": 0.5335689045936396, "f1": 0.05714285714285715}}