{"hard_match": {"coverage_rate": 0.025423728813559324, "precision": 0.125, "recall": 0.02586206896551724, "accuracy": 0.021897810218978103, "f1": 0.04285714285714286}, "sequence_match": {"coverage_rate": 0.4944830508474576, "precision": 0.8828852002602551, "recall": 0.49448305084745753, "accuracy": 0.4944830508474576, "f1": 0.6339216357305433}, "levenshtein": {"coverage_rate": 0.38059322033898296, "precision": 0.8396746751425633, "recall": 0.38059322033898296, "accuracy": 0.38059322033898296, "f1": 0.5237775898766656}, "jaro_winkler": {"coverage_rate": 0.6992457627118643, "precision": 0.9521671898079764, "recall": 0.6992457627118643, "accuracy": 0.6992457627118643, "f1": 0.8063384410913923}, "semantic_embeddinggemma": {"coverage_rate": 0.6837966101694918, "precision": 0.9642562650127272, "recall": 0.6837966101694917, "accuracy": 0.6837966101694918, "f1": 0.8001626346818459}, "synonym": {"coverage_rate": 0.015151515151515152, "precision": 0.125, "recall": 0.02586206896551724, "accuracy": 0.528169014084507, "f1": 0.04285714285714286}}