{"hard_match": {"coverage_rate": 0.03125, "precision": 0.03571428571428571, "recall": 0.03125, "accuracy": 0.01694915254237288, "f1": 0.03333333333333333}, "sequence_match": {"coverage_rate": 0.6265937500000001, "precision": 0.8508805431784426, "recall": 0.6265937500000001, "accuracy": 0.6265937500000001, "f1": 0.7217133087375147}, "levenshtein": {"coverage_rate": 0.5287187499999999, "precision": 0.759789832944135, "recall": 0.5287187499999999, "accuracy": 0.5287187499999999, "f1": 0.6235350482789119}, "jaro_winkler": {"coverage_rate": 0.77175, "precision": 0.9247013891489123, "recall": 0.77175, "accuracy": 0.77175, "f1": 0.8413306760692933}, "semantic_embeddinggemma": {"coverage_rate": 0.70684375, "precision": 0.8943851324634243, "recall": 0.70684375, "accuracy": 0.70684375, "f1": 0.78963169837668}}