{"hard_match": {"coverage_rate": 0.03125, "precision": 0.03125, "recall": 0.03125, "accuracy": 0.015873015873015872, "f1": 0.03125}, "sequence_match": {"coverage_rate": 0.8099375000000002, "precision": 0.9167698348130593, "recall": 0.8099375, "accuracy": 0.8099375000000002, "f1": 0.8600487796784523}, "levenshtein": {"coverage_rate": 0.73734375, "precision": 0.8923641314625014, "recall": 0.73734375, "accuracy": 0.73734375, "f1": 0.8074810492633595}, "jaro_winkler": {"coverage_rate": 0.89759375, "precision": 0.9475472569524627, "recall": 0.89759375, "accuracy": 0.89759375, "f1": 0.9218943077688444}, "semantic_embeddinggemma": {"coverage_rate": 0.77478125, "precision": 0.9057465385598948, "recall": 0.7747812500000001, "accuracy": 0.77478125, "f1": 0.8351607633099222}}