{"hard_match": {"coverage_rate": 0.03125, "precision": 0.03571428571428571, "recall": 0.03125, "accuracy": 0.01694915254237288, "f1": 0.03333333333333333}, "sequence_match": {"coverage_rate": 0.8033750000000003, "precision": 0.9176512582545066, "recall": 0.803375, "accuracy": 0.8033750000000003, "f1": 0.8567191535449471}, "levenshtein": {"coverage_rate": 0.7296562500000001, "precision": 0.8935706084959817, "recall": 0.7296562500000001, "accuracy": 0.7296562500000001, "f1": 0.8033373473249614}, "jaro_winkler": {"coverage_rate": 0.8953750000000001, "precision": 0.9521467499667685, "recall": 0.8953749999999999, "accuracy": 0.8953750000000001, "f1": 0.9228886168910647}, "semantic_embeddinggemma": {"coverage_rate": 0.7724687499999999, "precision": 0.9011337537822172, "recall": 0.77246875, "accuracy": 0.7724687499999999, "f1": 0.8318554289848733}}