{"hard_match": {"coverage_rate": 0.03125, "precision": 0.04, "recall": 0.03125, "accuracy": 0.017857142857142856, "f1": 0.03508771929824561}, "sequence_match": {"coverage_rate": 0.6239375, "precision": 0.8403552338061366, "recall": 0.6239375, "accuracy": 0.6239375, "f1": 0.7161534460804534}, "levenshtein": {"coverage_rate": 0.5191874999999999, "precision": 0.7502709537572254, "recall": 0.5191874999999999, "accuracy": 0.5191874999999999, "f1": 0.6136968085106382}, "jaro_winkler": {"coverage_rate": 0.7490000000000002, "precision": 0.8823117982698325, "recall": 0.7490000000000001, "accuracy": 0.7490000000000002, "f1": 0.8102087382743177}, "semantic_embeddinggemma": {"coverage_rate": 0.6964374999999998, "precision": 0.8711934638989876, "recall": 0.6964374999999999, "accuracy": 0.6964374999999998, "f1": 0.7740747816119901}}