{"hard_match": {"coverage_rate": 0.03125, "precision": 0.03571428571428571, "recall": 0.03125, "accuracy": 0.01694915254237288, "f1": 0.03333333333333333}, "sequence_match": {"coverage_rate": 0.8075312499999998, "precision": 0.9340007951711425, "recall": 0.80753125, "accuracy": 0.8075312499999998, "f1": 0.8661739319892068}, "levenshtein": {"coverage_rate": 0.73915625, "precision": 0.9022352761672262, "recall": 0.73915625, "accuracy": 0.73915625, "f1": 0.8125944757454995}, "jaro_winkler": {"coverage_rate": 0.8992187500000001, "precision": 0.9630832050338042, "recall": 0.8992187500000001, "accuracy": 0.8992187500000001, "f1": 0.9300559164808171}, "semantic_embeddinggemma": {"coverage_rate": 0.7793749999999998, "precision": 0.9234300947867298, "recall": 0.779375, "accuracy": 0.7793749999999998, "f1": 0.8453091106290672}}