{"accuracy": 0.03125, "precision": 1.0, "recall": 0.03125, "f1": 0.06060606060606061}