{"hard_match": {"coverage_rate": 0.03125, "precision": 0.03125, "recall": 0.03125, "accuracy": 0.015873015873015872, "f1": 0.03125}, "sequence_match": {"coverage_rate": 0.6472500000000001, "precision": 0.8183003437240726, "recall": 0.6472500000000001, "accuracy": 0.6472500000000001, "f1": 0.7227931810647172}, "levenshtein": {"coverage_rate": 0.5440624999999999, "precision": 0.6963721451141953, "recall": 0.5440625, "accuracy": 0.5440624999999999, "f1": 0.6108664760267363}, "jaro_winkler": {"coverage_rate": 0.7744062500000001, "precision": 0.9020457192778102, "recall": 0.7744062500000001, "accuracy": 0.7744062500000001, "f1": 0.8333669626042508}, "semantic_embeddinggemma": {"coverage_rate": 0.7079375, "precision": 0.8992180367562419, "recall": 0.7079375, "accuracy": 0.7079375, "f1": 0.792194849019985}}