{"hard_match": {"coverage_rate": 0.0, "precision": 0.0, "recall": 0.0, "accuracy": 0.0, "f1": 0.0}, "sequence_match": {"coverage_rate": 0.8113749999999997, "precision": 0.9496360776855273, "recall": 0.811375, "accuracy": 0.8113749999999997, "f1": 0.8750779393673851}, "levenshtein": {"coverage_rate": 0.7355312500000001, "precision": 0.8891953154514545, "recall": 0.7355312500000001, "accuracy": 0.7355312500000001, "f1": 0.8050966307508125}, "jaro_winkler": {"coverage_rate": 0.8981875, "precision": 0.9659877663507428, "recall": 0.8981875, "accuracy": 0.8981875, "f1": 0.930854681478123}, "semantic_embeddinggemma": {"coverage_rate": 0.77815625, "precision": 0.9106568168519602, "recall": 0.77815625, "accuracy": 0.77815625, "f1": 0.839208681585333}}