{"hard_match": {"coverage_rate": 0.0625, "precision": 0.05263157894736842, "recall": 0.0625, "accuracy": 0.029411764705882353, "f1": 0.05714285714285714}, "sequence_match": {"coverage_rate": 0.8574999999999999, "precision": 0.9027503618897224, "recall": 0.8574999999999999, "accuracy": 0.8574999999999999, "f1": 0.8795435604846464}, "levenshtein": {"coverage_rate": 0.7859375, "precision": 0.8457192817270831, "recall": 0.7859375, "accuracy": 0.7859375, "f1": 0.8147332275097994}, "jaro_winkler": {"coverage_rate": 0.9115, "precision": 0.9418146593477559, "recall": 0.9115, "accuracy": 0.9115, "f1": 0.9264094013022074}, "semantic_embeddinggemma": {"coverage_rate": 0.8286250000000001, "precision": 0.9004346644933442, "recall": 0.8286250000000001, "accuracy": 0.8286250000000001, "f1": 0.8630386668402551}, "semantic_nomic-embed-text": {"coverage_rate": 0.884875, "precision": 0.952694973420362, "recall": 0.884875, "accuracy": 0.884875, "f1": 0.9175334564660899}}