{"hard_match": {"coverage_rate": 0.125, "precision": 0.10526315789473684, "recall": 0.125, "accuracy": 0.06060606060606061, "f1": 0.11428571428571428}, "sequence_match": {"coverage_rate": 0.8350625, "precision": 0.9223388098854066, "recall": 0.8350625, "accuracy": 0.8350625, "f1": 0.8765334907826544}, "levenshtein": {"coverage_rate": 0.7709375, "precision": 0.8743886014035586, "recall": 0.7709375, "accuracy": 0.7709375, "f1": 0.8194107682598731}, "jaro_winkler": {"coverage_rate": 0.9119375, "precision": 0.9450741628343804, "recall": 0.9119375, "accuracy": 0.9119375, "f1": 0.9282101848023155}, "semantic_embeddinggemma": {"coverage_rate": 0.8252499999999999, "precision": 0.9258817754715658, "recall": 0.82525, "accuracy": 0.8252499999999999, "f1": 0.8726743993919567}, "semantic_nomic-embed-text": {"coverage_rate": 0.8921250000000001, "precision": 0.9149413499134671, "recall": 0.8921250000000001, "accuracy": 0.8921250000000001, "f1": 0.9033891332552767}}