{"hard_match": {"coverage_rate": 0.0, "precision": 0.0, "recall": 0.0, "accuracy": 0.0, "f1": 0.0}, "sequence_match": {"coverage_rate": 0.6250625, "precision": 0.7928177890522811, "recall": 0.6250625000000001, "accuracy": 0.6250625, "f1": 0.6990162330287093}, "levenshtein": {"coverage_rate": 0.5184062500000001, "precision": 0.6921889343236252, "recall": 0.5184062500000001, "accuracy": 0.5184062500000001, "f1": 0.5928242147017833}, "jaro_winkler": {"coverage_rate": 0.7519687500000001, "precision": 0.9021144185349029, "recall": 0.7519687500000001, "accuracy": 0.7519687500000001, "f1": 0.8202270170774109}, "semantic_embeddinggemma": {"coverage_rate": 0.7005625, "precision": 0.8590259416791203, "recall": 0.7005625, "accuracy": 0.7005625, "f1": 0.7717438077697644}}