{"hard_match": {"coverage_rate": 0.0, "precision": 0.0, "recall": 0.0, "accuracy": 0.0, "f1": 0.0}, "sequence_match": {"coverage_rate": 0.7935, "precision": 0.9468620651079539, "recall": 0.7935, "accuracy": 0.7935, "f1": 0.8634238400462451}, "levenshtein": {"coverage_rate": 0.7204375000000003, "precision": 0.8901501988493765, "recall": 0.7204375000000002, "accuracy": 0.7204375000000003, "f1": 0.7963522686056755}, "jaro_winkler": {"coverage_rate": 0.8920625, "precision": 0.9443562260156148, "recall": 0.8920625, "accuracy": 0.8920625, "f1": 0.9174648068393648}, "semantic_embeddinggemma": {"coverage_rate": 0.7616562499999999, "precision": 0.8959344214086163, "recall": 0.76165625, "accuracy": 0.7616562499999999, "f1": 0.8233565299641917}}