{"hard_match": {"coverage_rate": 0.0, "precision": 0.0, "recall": 0.0, "accuracy": 0.0, "f1": 0.0}, "sequence_match": {"coverage_rate": 0.81890625, "precision": 0.9495941440788521, "recall": 0.8189062500000001, "accuracy": 0.81890625, "f1": 0.8794214376803813}, "levenshtein": {"coverage_rate": 0.7439687500000001, "precision": 0.8994295213268352, "recall": 0.7439687500000001, "accuracy": 0.7439687500000001, "f1": 0.8143460637260771}, "jaro_winkler": {"coverage_rate": 0.9016249999999999, "precision": 0.9643370433503794, "recall": 0.901625, "accuracy": 0.9016249999999999, "f1": 0.9319271952066409}, "semantic_embeddinggemma": {"coverage_rate": 0.7739999999999999, "precision": 0.9116943350388338, "recall": 0.7739999999999999, "accuracy": 0.7739999999999999, "f1": 0.8372234522622406}}