{"hard_match": {"coverage_rate": 0.01694915254237288, "precision": 0.08, "recall": 0.017241379310344827, "accuracy": 0.014388489208633094, "f1": 0.028368794326241138}, "sequence_match": {"coverage_rate": 0.4728813559322035, "precision": 0.8565113280530485, "recall": 0.47288135593220354, "accuracy": 0.4728813559322035, "f1": 0.6093432633716994}, "levenshtein": {"coverage_rate": 0.34198305084745756, "precision": 0.7430991621397661, "recall": 0.34198305084745756, "accuracy": 0.34198305084745756, "f1": 0.4684019616377934}, "jaro_winkler": {"coverage_rate": 0.6817796610169492, "precision": 0.93411824810738, "recall": 0.6817796610169493, "accuracy": 0.6817796610169492, "f1": 0.7882463600556525}, "semantic_embeddinggemma": {"coverage_rate": 0.6672033898305089, "precision": 0.9511670613250858, "recall": 0.6672033898305086, "accuracy": 0.6672033898305089, "f1": 0.7842727073496306}, "synonym": {"coverage_rate": 0.007575757575757576, "precision": 0.08, "recall": 0.017241379310344827, "accuracy": 0.5226480836236934, "f1": 0.028368794326241138}}