{"hard_match": {"coverage_rate": 0.0, "precision": 0.0, "recall": 0.0, "accuracy": 0.0, "f1": 0.0}, "sequence_match": {"coverage_rate": 0.7307333333333335, "precision": 0.9032736562351923, "recall": 0.7307333333333333, "accuracy": 0.7307333333333335, "f1": 0.8078939367416321}, "levenshtein": {"coverage_rate": 0.6444500000000001, "precision": 0.8807170189504373, "recall": 0.64445, "accuracy": 0.6444500000000001, "f1": 0.7442831844779796}, "jaro_winkler": {"coverage_rate": 0.8798500000000001, "precision": 0.9556834844946506, "recall": 0.8798500000000001, "accuracy": 0.8798500000000001, "f1": 0.9162002447088227}, "semantic_embeddinggemma": {"coverage_rate": 0.6799999999999999, "precision": 0.9117522179266576, "recall": 0.68, "accuracy": 0.6799999999999999, "f1": 0.7790050501675435}}