{"hard_match": {"coverage_rate": 0.0, "precision": 0.0, "recall": 0.0, "accuracy": 0.0, "f1": 0.0}, "sequence_match": {"coverage_rate": 0.55965, "precision": 0.7952397868561278, "recall": 0.55965, "accuracy": 0.55965, "f1": 0.6569625825385179}, "levenshtein": {"coverage_rate": 0.4493166666666666, "precision": 0.7154913877756841, "recall": 0.4493166666666666, "accuracy": 0.4493166666666666, "f1": 0.5519917280070434}, "jaro_winkler": {"coverage_rate": 0.7365000000000002, "precision": 0.8994870542256961, "recall": 0.7365000000000002, "accuracy": 0.7365000000000002, "f1": 0.8098746426215088}, "semantic_embeddinggemma": {"coverage_rate": 0.6526166666666665, "precision": 0.8917355560110223, "recall": 0.6526166666666666, "accuracy": 0.6526166666666665, "f1": 0.7536641933962719}}