{"hard_match": {"coverage_rate": 0.0, "precision": 0.0, "recall": 0.0, "accuracy": 0.0, "f1": 0.0}, "sequence_match": {"coverage_rate": 0.7496666666666666, "precision": 0.91885929073378, "recall": 0.7496666666666666, "accuracy": 0.7496666666666666, "f1": 0.8256847051912768}, "levenshtein": {"coverage_rate": 0.6569166666666668, "precision": 0.8569968690206993, "recall": 0.6569166666666666, "accuracy": 0.6569166666666668, "f1": 0.7437353762548116}, "jaro_winkler": {"coverage_rate": 0.8846333333333336, "precision": 0.9664779038219924, "recall": 0.8846333333333334, "accuracy": 0.8846333333333336, "f1": 0.9237462908657402}, "semantic_embeddinggemma": {"coverage_rate": 0.6608833333333332, "precision": 0.8902584135964617, "recall": 0.6608833333333334, "accuracy": 0.6608833333333332, "f1": 0.7586114538793391}}