{"hard_match": {"coverage_rate": 0.0, "precision": 0.0, "recall": 0.0, "accuracy": 0.0, "f1": 0.0}, "sequence_match": {"coverage_rate": 0.005345509893455098, "precision": 0.0, "recall": 0.0, "accuracy": 0.0027595959595959597, "f1": 0.0}, "levenshtein": {"coverage_rate": 0.004593607305936073, "precision": 0.0, "recall": 0.0, "accuracy": 0.003508080808080808, "f1": 0.0}, "jaro_winkler": {"coverage_rate": 0.006493150684931507, "precision": 0.0, "recall": 0.0, "accuracy": 0.0016171717171717173, "f1": 0.0}, "semantic_embeddinggemma": {"coverage_rate": 0.002454084221207509, "precision": 0.0, "recall": 0.0, "accuracy": 0.005637878787878788, "f1": 0.0}, "semantic_nomic-embed-text": {"coverage_rate": 0.0018447488584474887, "precision": 0.0, "recall": 0.0, "accuracy": 0.006244444444444444, "f1": 0.0}, "synonym": {"coverage_rate": 0.0, "precision": 0.0, "recall": 0.0, "accuracy": 0.14838709677419354, "f1": 0.0}}