{"hard_match": {"coverage_rate": 0.02142857142857143, "precision": 0.125, "recall": 0.021897810218978103, "accuracy": 0.0189873417721519, "f1": 0.037267080745341616}, "sequence_match": {"coverage_rate": 0.11239285714285716, "precision": 1.0, "recall": 0.6556249999999999, "accuracy": 0.11239285714285716, "f1": 0.7919969799924499}, "levenshtein": {"coverage_rate": 0.09494999999999999, "precision": 0.9300356818022808, "recall": 0.5779565217391304, "accuracy": 0.09494999999999999, "f1": 0.7128951814013353}, "jaro_winkler": {"coverage_rate": 0.13643571428571424, "precision": 1.0, "recall": 0.795875, "accuracy": 0.13643571428571424, "f1": 0.886336743927055}, "semantic_embeddinggemma": {"coverage_rate": 0.09787857142857143, "precision": 0.6618847510022702, "recall": 0.8060588235294117, "accuracy": 0.09787857142857143, "f1": 0.7268917592764501}, "semantic_nomic-embed-text": {"coverage_rate": 0.09852857142857142, "precision": 0.7339576460572523, "recall": 0.726, "accuracy": 0.09852857142857142, "f1": 0.7299571360533418}, "synonym": {"coverage_rate": 0.010638297872340425, "precision": 0.125, "recall": 0.021897810218978103, "accuracy": 0.4884488448844885, "f1": 0.037267080745341616}}