{"hard_match": {"coverage_rate": 0.02142857142857143, "precision": 0.125, "recall": 0.021897810218978103, "accuracy": 0.0189873417721519, "f1": 0.037267080745341616}, "sequence_match": {"coverage_rate": 0.11239285714285714, "precision": 1.0, "recall": 0.655625, "accuracy": 0.11239285714285714, "f1": 0.7919969799924499}, "levenshtein": {"coverage_rate": 0.09495, "precision": 0.9300356818022808, "recall": 0.5779565217391305, "accuracy": 0.09495, "f1": 0.7128951814013353}, "jaro_winkler": {"coverage_rate": 0.13643571428571424, "precision": 1.0, "recall": 0.7958749999999999, "accuracy": 0.13643571428571424, "f1": 0.886336743927055}, "semantic_embeddinggemma": {"coverage_rate": 0.048078571428571436, "precision": 0.29611543706832083, "recall": 0.8413750000000001, "accuracy": 0.048078571428571436, "f1": 0.4380592886661677}, "semantic_nomic-embed-text": {"coverage_rate": 0.051971428571428564, "precision": 0.32662955647333447, "recall": 0.8084444444444445, "accuracy": 0.051971428571428564, "f1": 0.46527688962782954}, "synonym": {"coverage_rate": 0.010638297872340425, "precision": 0.125, "recall": 0.021897810218978103, "accuracy": 0.4884488448844885, "f1": 0.037267080745341616}}