{"hard_match": {"coverage_rate": 0.0, "precision": 0.0, "recall": 0.0, "accuracy": 0.0, "f1": 0.0}, "sequence_match": {"coverage_rate": 0.7343166666666666, "precision": 0.9068436760316971, "recall": 0.7343166666666666, "accuracy": 0.7343166666666666, "f1": 0.8115117189298707}, "levenshtein": {"coverage_rate": 0.6492666666666664, "precision": 0.869805970482506, "recall": 0.6492666666666667, "accuracy": 0.6492666666666664, "f1": 0.7435273459494022}, "jaro_winkler": {"coverage_rate": 0.8817000000000003, "precision": 0.9593428115479472, "recall": 0.8817, "accuracy": 0.8817000000000003, "f1": 0.9188841798096296}, "semantic_embeddinggemma": {"coverage_rate": 0.6686333333333334, "precision": 0.8552668045281088, "recall": 0.6686333333333334, "accuracy": 0.6686333333333334, "f1": 0.7505214812874742}}