{"hard_match": {"coverage_rate": 0.11428571428571428, "precision": 0.3076923076923077, "recall": 0.11428571428571428, "accuracy": 0.09090909090909091, "f1": 0.16666666666666666}, "sequence_match": {"coverage_rate": 0.22991428571428574, "precision": 0.8009356026674629, "recall": 0.7315454545454546, "accuracy": 0.22991428571428574, "f1": 0.7646695491043854}, "levenshtein": {"coverage_rate": 0.22677142857142854, "precision": 0.8881056282868972, "recall": 0.6614166666666667, "accuracy": 0.22677142857142854, "f1": 0.7581792998041744}, "jaro_winkler": {"coverage_rate": 0.30588571428571426, "precision": 1.0, "recall": 0.8235384615384616, "accuracy": 0.30588571428571426, "f1": 0.9032312494727074}, "semantic_embeddinggemma": {"coverage_rate": 0.19619999999999999, "precision": 0.5786635206876211, "recall": 0.858375, "accuracy": 0.19619999999999999, "f1": 0.6912971258871494}, "semantic_nomic-embed-text": {"coverage_rate": 0.18942857142857142, "precision": 0.5700773860705074, "recall": 0.82875, "accuracy": 0.18942857142857142, "f1": 0.675496688741722}, "synonym": {"coverage_rate": 0.028368794326241134, "precision": 0.3076923076923077, "recall": 0.11428571428571428, "accuracy": 0.7333333333333333, "f1": 0.16666666666666666}}