{"hard_match": {"coverage_rate": 0.0, "precision": 0.0, "recall": 0.0, "accuracy": 0.0, "f1": 0.0}, "sequence_match": {"coverage_rate": 0.4100625, "precision": 0.32705248990578734, "recall": 0.8748, "accuracy": 0.4100625, "f1": 0.47610754326766086}, "levenshtein": {"coverage_rate": 0.41703124999999996, "precision": 0.34802451427826314, "recall": 0.7849999999999999, "accuracy": 0.41703124999999996, "f1": 0.48224771885445833}, "jaro_winkler": {"coverage_rate": 0.56275, "precision": 0.45010997800439917, "recall": 0.9004, "accuracy": 0.56275, "f1": 0.6001866417810958}, "semantic_embeddinggemma": {"coverage_rate": 0.45865625000000004, "precision": 0.37947617447061566, "recall": 0.8153888888888889, "accuracy": 0.45865625000000004, "f1": 0.5179173209591192}, "semantic_nomic-embed-text": {"coverage_rate": 0.46409375, "precision": 0.37266317030940255, "recall": 0.8735882352941177, "accuracy": 0.46409375, "f1": 0.5224534308983132}}