{"hard_match": {"coverage_rate": 0.0, "precision": 0.0, "recall": 0.0, "accuracy": 0.0, "f1": 0.0}, "sequence_match": {"coverage_rate": 0.37418750000000006, "precision": 0.3328515038639017, "recall": 0.6652222222222222, "accuracy": 0.37418750000000006, "f1": 0.4436951124615556}, "levenshtein": {"coverage_rate": 0.30075, "precision": 0.2862241256245539, "recall": 0.5346666666666667, "accuracy": 0.30075, "f1": 0.3728498372849837}, "jaro_winkler": {"coverage_rate": 0.47018750000000004, "precision": 0.39546864322136366, "recall": 0.7918947368421053, "accuracy": 0.47018750000000004, "f1": 0.5275041194825228}, "semantic_embeddinggemma": {"coverage_rate": 0.40365625, "precision": 0.3406651370097845, "recall": 0.7598235294117647, "accuracy": 0.40365625, "f1": 0.47041899593932657}, "semantic_nomic-embed-text": {"coverage_rate": 0.3381249999999999, "precision": 0.30206588498045783, "recall": 0.636470588235294, "accuracy": 0.3381249999999999, "f1": 0.4096932979931843}}