{"hard_match": {"coverage_rate": 0.0, "precision": 0.0, "recall": 0.0, "accuracy": 0.0, "f1": 0.0}, "sequence_match": {"coverage_rate": 0.37371875000000004, "precision": 0.2992817638079031, "recall": 0.8542142857142857, "accuracy": 0.37371875000000004, "f1": 0.4432624770659204}, "levenshtein": {"coverage_rate": 0.33490625, "precision": 0.27680347134333755, "recall": 0.7655000000000001, "accuracy": 0.33490625, "f1": 0.4065861107422653}, "jaro_winkler": {"coverage_rate": 0.5066875, "precision": 0.4031929178892923, "recall": 0.9007777777777777, "accuracy": 0.5066875, "f1": 0.5570481327515718}, "semantic_embeddinggemma": {"coverage_rate": 0.3976875000000001, "precision": 0.3286164334039148, "recall": 0.7953750000000002, "accuracy": 0.3976875000000001, "f1": 0.46508058326937846}, "semantic_nomic-embed-text": {"coverage_rate": 0.41271874999999997, "precision": 0.32847514114457677, "recall": 0.8804666666666666, "accuracy": 0.41271874999999997, "f1": 0.47845381926205}}