{"hard_match": {"coverage_rate": 0.3333333333333333, "precision": 0.5333333333333333, "recall": 0.3333333333333333, "accuracy": 0.25806451612903225, "f1": 0.4102564102564102}, "sequence_match": {"coverage_rate": 0.4667916666666667, "precision": 0.9180529378021798, "recall": 0.8002142857142857, "accuracy": 0.4667916666666667, "f1": 0.8550929282906539}, "levenshtein": {"coverage_rate": 0.43900000000000006, "precision": 0.9133148404993066, "recall": 0.7525714285714286, "accuracy": 0.43900000000000006, "f1": 0.8251879699248121}, "jaro_winkler": {"coverage_rate": 0.5105000000000001, "precision": 0.9245396921219439, "recall": 0.8751428571428572, "accuracy": 0.5105000000000001, "f1": 0.8991633641567592}, "semantic_embeddinggemma": {"coverage_rate": 0.3734583333333334, "precision": 0.5990108935373922, "recall": 0.9958888888888888, "accuracy": 0.3734583333333334, "f1": 0.7480699411592874}, "semantic_nomic-embed-text": {"coverage_rate": 0.39291666666666664, "precision": 0.6534996534996534, "recall": 0.943, "accuracy": 0.39291666666666664, "f1": 0.7720016373311501}, "synonym": {"coverage_rate": 0.11428571428571428, "precision": 0.5333333333333333, "recall": 0.3333333333333333, "accuracy": 0.7012987012987013, "f1": 0.4102564102564102}}