{"hard_match": {"coverage_rate": 0.0, "precision": 0.0, "recall": 0.0, "accuracy": 0.0, "f1": 0.0}, "sequence_match": {"coverage_rate": 0.7812999999999997, "precision": 0.949524002430626, "recall": 0.7813, "accuracy": 0.7812999999999997, "f1": 0.8572369022583889}, "levenshtein": {"coverage_rate": 0.7047333333333333, "precision": 0.9306686622353304, "recall": 0.7047333333333333, "accuracy": 0.7047333333333333, "f1": 0.8020942011115958}, "jaro_winkler": {"coverage_rate": 0.8891666666666667, "precision": 0.9674143652419896, "recall": 0.8891666666666667, "accuracy": 0.8891666666666667, "f1": 0.9266415972626295}, "semantic_embeddinggemma": {"coverage_rate": 0.6708999999999998, "precision": 0.9075823506865376, "recall": 0.6709, "accuracy": 0.6708999999999998, "f1": 0.7714967466196468}, "semantic_nomic-embed-text": {"coverage_rate": 0.825016666666667, "precision": 0.9709314869662437, "recall": 0.8250166666666667, "accuracy": 0.825016666666667, "f1": 0.8920465296486849}}