{"hard_match": {"coverage_rate": 0.0, "precision": 0.0, "recall": 0.0, "accuracy": 0.0, "f1": 0.0}, "sequence_match": {"coverage_rate": 0.5481500000000001, "precision": 0.8520024869177762, "recall": 0.54815, "accuracy": 0.5481500000000001, "f1": 0.6671061438916047}, "levenshtein": {"coverage_rate": 0.4185833333333333, "precision": 0.7524191857155696, "recall": 0.4185833333333333, "accuracy": 0.4185833333333333, "f1": 0.5379153771190524}, "jaro_winkler": {"coverage_rate": 0.7199666666666666, "precision": 0.8672207500200755, "recall": 0.7199666666666666, "accuracy": 0.7199666666666666, "f1": 0.7867628310202892}, "semantic_embeddinggemma": {"coverage_rate": 0.6322499999999999, "precision": 0.8720088269774499, "recall": 0.6322500000000001, "accuracy": 0.6322499999999999, "f1": 0.7330222312396744}, "semantic_nomic-embed-text": {"coverage_rate": 0.5742333333333334, "precision": 0.7840611701522427, "recall": 0.5742333333333334, "accuracy": 0.5742333333333334, "f1": 0.6629402653377331}}