{"hard_match": {"coverage_rate": 0.2962962962962963, "precision": 0.4, "recall": 0.2962962962962963, "accuracy": 0.20512820512820512, "f1": 0.3404255319148936}, "sequence_match": {"coverage_rate": 0.6427407407407408, "precision": 0.8186621379375413, "recall": 0.6427407407407407, "accuracy": 0.6427407407407408, "f1": 0.7201128677538486}, "levenshtein": {"coverage_rate": 0.5417037037037038, "precision": 0.7364922705070749, "recall": 0.5417037037037038, "accuracy": 0.5417037037037038, "f1": 0.6242557459612882}, "jaro_winkler": {"coverage_rate": 0.7655555555555554, "precision": 0.8812619910466851, "recall": 0.7655555555555554, "accuracy": 0.7655555555555554, "f1": 0.8193439698741452}, "semantic_embeddinggemma": {"coverage_rate": 0.7157777777777778, "precision": 0.9393409157188685, "recall": 0.7157777777777778, "accuracy": 0.7157777777777778, "f1": 0.8124605877159794}, "synonym": {"coverage_rate": 0.11267605633802817, "precision": 0.4, "recall": 0.2962962962962963, "accuracy": 0.6265060240963856, "f1": 0.3404255319148936}}