{"hard_match": {"coverage_rate": 0.14285714285714285, "precision": 0.4166666666666667, "recall": 0.14285714285714285, "accuracy": 0.11904761904761904, "f1": 0.21276595744680848}, "sequence_match": {"coverage_rate": 0.5768285714285716, "precision": 0.9239816933638444, "recall": 0.5768285714285715, "accuracy": 0.5768285714285716, "f1": 0.7102550571679859}, "levenshtein": {"coverage_rate": 0.46745714285714285, "precision": 0.8897166784490729, "recall": 0.46745714285714285, "accuracy": 0.46745714285714285, "f1": 0.6128977879338441}, "jaro_winkler": {"coverage_rate": 0.7317428571428571, "precision": 0.9388196480938417, "recall": 0.7317428571428571, "accuracy": 0.7317428571428571, "f1": 0.822447013487476}, "semantic_embeddinggemma": {"coverage_rate": 0.6913999999999998, "precision": 0.9324522194821209, "recall": 0.6914, "accuracy": 0.6913999999999998, "f1": 0.7940346502165639}, "synonym": {"coverage_rate": 0.03546099290780142, "precision": 0.4166666666666667, "recall": 0.14285714285714285, "accuracy": 0.75, "f1": 0.21276595744680848}}