{"hard_match": {"coverage_rate": 0.1111111111111111, "precision": 0.1875, "recall": 0.1111111111111111, "accuracy": 0.075, "f1": 0.13953488372093023}, "sequence_match": {"coverage_rate": 0.5226296296296297, "precision": 0.8105112004595061, "recall": 0.5226296296296297, "accuracy": 0.5226296296296297, "f1": 0.6354875028146814}, "levenshtein": {"coverage_rate": 0.4147777777777779, "precision": 0.6441019152240179, "recall": 0.4147777777777779, "accuracy": 0.4147777777777779, "f1": 0.5046072048122199}, "jaro_winkler": {"coverage_rate": 0.6967037037037037, "precision": 0.8654704393834829, "recall": 0.6967037037037037, "accuracy": 0.6967037037037037, "f1": 0.7719708628295886}, "semantic_embeddinggemma": {"coverage_rate": 0.6298888888888888, "precision": 0.9081055104656129, "recall": 0.6298888888888889, "accuracy": 0.6298888888888888, "f1": 0.743833100069979}, "synonym": {"coverage_rate": 0.04225352112676056, "precision": 0.1875, "recall": 0.1111111111111111, "accuracy": 0.5595238095238095, "f1": 0.13953488372093023}}