{"hard_match": {"coverage_rate": 0.1111111111111111, "precision": 0.2727272727272727, "recall": 0.1111111111111111, "accuracy": 0.08571428571428572, "f1": 0.15789473684210525}, "sequence_match": {"coverage_rate": 0.5132962962962963, "precision": 0.7819341006544798, "recall": 0.5132962962962963, "accuracy": 0.5132962962962963, "f1": 0.6197567301672481}, "levenshtein": {"coverage_rate": 0.40351851851851855, "precision": 0.6928898499109643, "recall": 0.40351851851851855, "accuracy": 0.40351851851851855, "f1": 0.5100177885965734}, "jaro_winkler": {"coverage_rate": 0.6904074074074074, "precision": 0.9214988383014484, "recall": 0.6904074074074074, "accuracy": 0.6904074074074074, "f1": 0.7893878760930784}, "semantic_embeddinggemma": {"coverage_rate": 0.6200000000000001, "precision": 0.8962895539968946, "recall": 0.6200000000000001, "accuracy": 0.6200000000000001, "f1": 0.7329728309652561}, "synonym": {"coverage_rate": 0.04225352112676056, "precision": 0.2727272727272727, "recall": 0.1111111111111111, "accuracy": 0.5949367088607594, "f1": 0.15789473684210525}}