{"hard_match": {"coverage_rate": 0.0625, "precision": 0.05263157894736842, "recall": 0.0625, "accuracy": 0.029411764705882353, "f1": 0.05714285714285714}, "sequence_match": {"coverage_rate": 0.595125, "precision": 0.5434311151695013, "recall": 0.8656363636363636, "accuracy": 0.595125, "f1": 0.6676951125447023}, "levenshtein": {"coverage_rate": 0.606625, "precision": 0.5809888662755895, "recall": 0.8088333333333333, "accuracy": 0.606625, "f1": 0.6762349334633874}, "jaro_winkler": {"coverage_rate": 0.6311875, "precision": 0.5579866290955301, "recall": 0.9180909090909091, "accuracy": 0.6311875, "f1": 0.694113199766315}, "semantic_embeddinggemma": {"coverage_rate": 0.533375, "precision": 0.48671153188091715, "recall": 0.8534, "accuracy": 0.533375, "f1": 0.6198881383017362}, "semantic_nomic-embed-text": {"coverage_rate": 0.5185625, "precision": 0.45346231622670385, "recall": 0.921888888888889, "accuracy": 0.5185625, "f1": 0.6079056306553834}}