{"hard_match": {"coverage_rate": 0.125, "precision": 0.10526315789473684, "recall": 0.125, "accuracy": 0.06060606060606061, "f1": 0.11428571428571428}, "sequence_match": {"coverage_rate": 0.4921875, "precision": 0.4405594405594406, "recall": 0.875, "accuracy": 0.4921875, "f1": 0.586046511627907}, "levenshtein": {"coverage_rate": 0.45175000000000004, "precision": 0.4195495704666821, "recall": 0.8031111111111112, "accuracy": 0.45175000000000004, "f1": 0.5511666920847949}, "jaro_winkler": {"coverage_rate": 0.572, "precision": 0.504186866460996, "recall": 0.9151999999999999, "accuracy": 0.572, "f1": 0.6501847115657857}, "semantic_embeddinggemma": {"coverage_rate": 0.4964375, "precision": 0.4426795965000279, "recall": 0.8825555555555555, "accuracy": 0.4964375, "f1": 0.5896151133875218}, "semantic_nomic-embed-text": {"coverage_rate": 0.6670625, "precision": 0.6039155774345045, "recall": 0.8894166666666666, "accuracy": 0.6670625, "f1": 0.7193745155528594}}