{"hard_match": {"coverage_rate": 0.125, "precision": 0.10526315789473684, "recall": 0.125, "accuracy": 0.06060606060606061, "f1": 0.11428571428571428}, "sequence_match": {"coverage_rate": 0.5135000000000001, "precision": 0.5066600888011841, "recall": 0.7469090909090909, "accuracy": 0.5135000000000001, "f1": 0.6037624926513816}, "levenshtein": {"coverage_rate": 0.45718749999999997, "precision": 0.4776363042768527, "recall": 0.6649999999999999, "accuracy": 0.45718749999999997, "f1": 0.555956678700361}, "jaro_winkler": {"coverage_rate": 0.57175, "precision": 0.5334732913459296, "recall": 0.8316363636363636, "accuracy": 0.57175, "f1": 0.6499928946994458}, "semantic_embeddinggemma": {"coverage_rate": 0.538875, "precision": 0.48927477017364657, "recall": 0.8622, "accuracy": 0.538875, "f1": 0.6242849902251828}, "semantic_nomic-embed-text": {"coverage_rate": 0.560125, "precision": 0.5283575050112015, "recall": 0.8147272727272727, "accuracy": 0.560125, "f1": 0.6410128030899077}}