{"hard_match": {"coverage_rate": 0.125, "precision": 0.10526315789473684, "recall": 0.125, "accuracy": 0.06060606060606061, "f1": 0.11428571428571428}, "sequence_match": {"coverage_rate": 0.7027500000000001, "precision": 0.8015397775876818, "recall": 0.7027500000000001, "accuracy": 0.7027500000000001, "f1": 0.748901025709338}, "levenshtein": {"coverage_rate": 0.5995, "precision": 0.7224523612261806, "recall": 0.5995, "accuracy": 0.5995, "f1": 0.65525839396113}, "jaro_winkler": {"coverage_rate": 0.793625, "precision": 0.8727147766323023, "recall": 0.793625, "accuracy": 0.793625, "f1": 0.8312929623567922}, "semantic_embeddinggemma": {"coverage_rate": 0.779625, "precision": 0.9005197805371066, "recall": 0.779625, "accuracy": 0.779625, "f1": 0.8357228996382152}, "semantic_nomic-embed-text": {"coverage_rate": 0.7291875000000001, "precision": 0.8512951477562933, "recall": 0.7291875000000001, "accuracy": 0.7291875000000001, "f1": 0.7855243225046289}}