{"hard_match": {"coverage_rate": 0.025423728813559324, "precision": 0.125, "recall": 0.02586206896551724, "accuracy": 0.021897810218978103, "f1": 0.04285714285714286}, "sequence_match": {"coverage_rate": 0.48520338983050837, "precision": 0.8756576532485012, "recall": 0.48520338983050837, "accuracy": 0.48520338983050837, "f1": 0.6244165248876673}, "levenshtein": {"coverage_rate": 0.3718813559322032, "precision": 0.8218372506789023, "recall": 0.3718813559322034, "accuracy": 0.3718813559322032, "f1": 0.5120569444849615}, "jaro_winkler": {"coverage_rate": 0.6944830508474575, "precision": 0.9435802369630046, "recall": 0.6944830508474575, "accuracy": 0.6944830508474575, "f1": 0.800091774917134}, "semantic_embeddinggemma": {"coverage_rate": 0.6771525423728815, "precision": 0.9610083467635243, "recall": 0.6771525423728815, "accuracy": 0.6771525423728815, "f1": 0.7944875861314666}, "semantic_nomic-embed-text": {"coverage_rate": 0.5926525423728815, "precision": 0.9323529803884971, "recall": 0.5926525423728815, "accuracy": 0.5926525423728815, "f1": 0.7246680172221733}, "synonym": {"coverage_rate": 0.015151515151515152, "precision": 0.125, "recall": 0.02586206896551724, "accuracy": 0.528169014084507, "f1": 0.04285714285714286}}