{"hard_match": {"coverage_rate": 0.0, "precision": 0.0, "recall": 0.0, "accuracy": 0.0, "f1": 0.0}, "sequence_match": {"coverage_rate": 0.7232666666666664, "precision": 0.8932710318848932, "recall": 0.7232666666666666, "accuracy": 0.7232666666666664, "f1": 0.7993295327911881}, "levenshtein": {"coverage_rate": 0.6382833333333335, "precision": 0.8705446444808147, "recall": 0.6382833333333334, "accuracy": 0.6382833333333335, "f1": 0.7365374259558428}, "jaro_winkler": {"coverage_rate": 0.8807500000000001, "precision": 0.9628489177173675, "recall": 0.88075, "accuracy": 0.8807500000000001, "f1": 0.9199714494620661}, "semantic_embeddinggemma": {"coverage_rate": 0.6661000000000001, "precision": 0.8794947405483914, "recall": 0.6661, "accuracy": 0.6661000000000001, "f1": 0.7580660457882059}, "semantic_nomic-embed-text": {"coverage_rate": 0.7953833333333334, "precision": 0.9340418452625605, "recall": 0.7953833333333333, "accuracy": 0.7953833333333334, "f1": 0.8591540421088638}}